{"cameraMode":{"drawMode":0,"name":"Shaded","section":"Shading Mode"},"sceneLighting":true,"audioPlay":false,"sceneViewState":{"m_AlwaysRefresh":false,"showFog":true,"showSkybox":true,"showFlares":true,"showImageEffects":true,"showParticleSystems":true,"showVisualEffectGraphs":true,"m_FxEnabled":true},"in2DMode":false,"pivot":{"x":-25.46927833557129,"y":32.84449768066406,"z":71.84014892578125},"rotation":{"x":-0.0009980659233406187,"y":-0.9712606072425842,"z":0.2380037009716034,"w":-0.004088473506271839},"size":19.92983055114746,"orthographic":false}